dataset,time_1,accuracy_1,precision_1,recall_1,f1score_1,model_1,accuracy_mean,accuracy_std,precision_mean,precision_std,recall_mean,recall_std,f1score_mean,f1score_std
Amazon,14396.652002811434,0.7653333333333333,0.7969812409812409,0.7653333333333333,0.7617281850600307,"[(1.0, SimpleClassificationPipeline({'balancing:strategy': 'none', 'categorical_encoding:__choice__': 'one_hot_encoding', 'classifier:__choice__': 'passive_aggressive', 'imputation:strategy': 'most_frequent', 'preprocessor:__choice__': 'select_percentile_classification', 'rescaling:__choice__': 'minmax', 'categorical_encoding:one_hot_encoding:use_minimum_fraction': 'True', 'classifier:passive_aggressive:C': 0.0012410217526741798, 'classifier:passive_aggressive:average': 'False', 'classifier:passive_aggressive:fit_intercept': 'True', 'classifier:passive_aggressive:loss': 'squared_hinge', 'classifier:passive_aggressive:tol': 0.01749250794314187, 'preprocessor:select_percentile_classification:percentile': 60.766307164245866, 'preprocessor:select_percentile_classification:score_func': 'f_classif', 'categorical_encoding:one_hot_encoding:minimum_fraction': 0.1649940774892376},
dataset_properties={
  'task': 2,
  'sparse': False,
  'multilabel': False,
  'multiclass': True,
  'target_type': 'classification',
  'signed': False}))]",0.7653333333333333,0.0,0.7969812409812409,0.0,0.7653333333333333,0.0,0.7617281850600307,0.0
MagicTelescope,14398.331929683683,0.8754994742376446,0.8757922628294507,0.8754994742376446,0.8728790833723812,"[(1.0, SimpleClassificationPipeline({'balancing:strategy': 'none', 'categorical_encoding:__choice__': 'no_encoding', 'classifier:__choice__': 'gradient_boosting', 'imputation:strategy': 'median', 'preprocessor:__choice__': 'feature_agglomeration', 'rescaling:__choice__': 'quantile_transformer', 'classifier:gradient_boosting:criterion': 'friedman_mse', 'classifier:gradient_boosting:learning_rate': 0.11876214731340695, 'classifier:gradient_boosting:loss': 'deviance', 'classifier:gradient_boosting:max_depth': 8, 'classifier:gradient_boosting:max_features': 0.3116116194386418, 'classifier:gradient_boosting:max_leaf_nodes': 'None', 'classifier:gradient_boosting:min_impurity_decrease': 0.0, 'classifier:gradient_boosting:min_samples_leaf': 8, 'classifier:gradient_boosting:min_samples_split': 8, 'classifier:gradient_boosting:min_weight_fraction_leaf': 0.0, 'classifier:gradient_boosting:n_estimators': 484, 'classifier:gradient_boosting:subsample': 0.8146953183062754, 'preprocessor:feature_agglomeration:affinity': 'euclidean', 'preprocessor:feature_agglomeration:linkage': 'ward', 'preprocessor:feature_agglomeration:n_clusters': 25, 'preprocessor:feature_agglomeration:pooling_func': 'mean', 'rescaling:quantile_transformer:n_quantiles': 1000, 'rescaling:quantile_transformer:output_distribution': 'uniform'},
dataset_properties={
  'task': 1,
  'sparse': False,
  'multilabel': False,
  'multiclass': False,
  'target_type': 'classification',
  'signed': False}))]",0.8754994742376446,0.0,0.8757922628294507,0.0,0.8754994742376446,0.0,0.8728790833723812,0.0
aaaData_for_UCI_named,14396.009827375412,1.0,1.0,1.0,1.0,"[(1.0, SimpleClassificationPipeline({'balancing:strategy': 'none', 'categorical_encoding:__choice__': 'one_hot_encoding', 'classifier:__choice__': 'gradient_boosting', 'imputation:strategy': 'most_frequent', 'preprocessor:__choice__': 'polynomial', 'rescaling:__choice__': 'robust_scaler', 'categorical_encoding:one_hot_encoding:use_minimum_fraction': 'True', 'classifier:gradient_boosting:criterion': 'mse', 'classifier:gradient_boosting:learning_rate': 0.10000000000000002, 'classifier:gradient_boosting:loss': 'deviance', 'classifier:gradient_boosting:max_depth': 3, 'classifier:gradient_boosting:max_features': 1.0, 'classifier:gradient_boosting:max_leaf_nodes': 'None', 'classifier:gradient_boosting:min_impurity_decrease': 0.0, 'classifier:gradient_boosting:min_samples_leaf': 2, 'classifier:gradient_boosting:min_samples_split': 2, 'classifier:gradient_boosting:min_weight_fraction_leaf': 0.0, 'classifier:gradient_boosting:n_estimators': 100, 'classifier:gradient_boosting:subsample': 1.0, 'preprocessor:polynomial:degree': 3, 'preprocessor:polynomial:include_bias': 'True', 'preprocessor:polynomial:interaction_only': 'False', 'rescaling:robust_scaler:q_max': 0.7457295798758375, 'rescaling:robust_scaler:q_min': 0.27702616058203555, 'categorical_encoding:one_hot_encoding:minimum_fraction': 0.010000000000000004},
dataset_properties={
  'task': 1,
  'sparse': False,
  'multilabel': False,
  'multiclass': False,
  'target_type': 'classification',
  'signed': False}))]",1.0,0.0,1.0,0.0,1.0,0.0,1.0,0.0
analcatdata_authorship,14398.764538764954,0.990521327014218,0.990521327014218,0.990521327014218,0.990521327014218,"[(1.0, SimpleClassificationPipeline({'balancing:strategy': 'none', 'categorical_encoding:__choice__': 'no_encoding', 'classifier:__choice__': 'libsvm_svc', 'imputation:strategy': 'mean', 'preprocessor:__choice__': 'extra_trees_preproc_for_classification', 'rescaling:__choice__': 'standardize', 'classifier:libsvm_svc:C': 21.232667962096315, 'classifier:libsvm_svc:gamma': 0.00036779714955999487, 'classifier:libsvm_svc:kernel': 'sigmoid', 'classifier:libsvm_svc:max_iter': -1, 'classifier:libsvm_svc:shrinking': 'True', 'classifier:libsvm_svc:tol': 0.0009959828269966522, 'preprocessor:extra_trees_preproc_for_classification:bootstrap': 'False', 'preprocessor:extra_trees_preproc_for_classification:criterion': 'gini', 'preprocessor:extra_trees_preproc_for_classification:max_depth': 'None', 'preprocessor:extra_trees_preproc_for_classification:max_features': 0.871964962133376, 'preprocessor:extra_trees_preproc_for_classification:max_leaf_nodes': 'None', 'preprocessor:extra_trees_preproc_for_classification:min_impurity_decrease': 0.0, 'preprocessor:extra_trees_preproc_for_classification:min_samples_leaf': 3, 'preprocessor:extra_trees_preproc_for_classification:min_samples_split': 2, 'preprocessor:extra_trees_preproc_for_classification:min_weight_fraction_leaf': 0.0, 'preprocessor:extra_trees_preproc_for_classification:n_estimators': 100, 'classifier:libsvm_svc:coef0': 0.0},
dataset_properties={
  'task': 2,
  'sparse': False,
  'multilabel': False,
  'multiclass': True,
  'target_type': 'classification',
  'signed': False}))]",0.990521327014218,0.0,0.990521327014218,0.0,0.990521327014218,0.0,0.990521327014218,0.0
arrhythmia,14398.381775379183,0.8230088495575221,0.8379796425198502,0.8230088495575221,0.8208175305520438,"[(1.0, SimpleClassificationPipeline({'balancing:strategy': 'weighting', 'categorical_encoding:__choice__': 'no_encoding', 'classifier:__choice__': 'random_forest', 'imputation:strategy': 'median', 'preprocessor:__choice__': 'polynomial', 'rescaling:__choice__': 'standardize', 'classifier:random_forest:bootstrap': 'False', 'classifier:random_forest:criterion': 'gini', 'classifier:random_forest:max_depth': 'None', 'classifier:random_forest:max_features': 0.7156339119456218, 'classifier:random_forest:max_leaf_nodes': 'None', 'classifier:random_forest:min_impurity_decrease': 0.0, 'classifier:random_forest:min_samples_leaf': 1, 'classifier:random_forest:min_samples_split': 2, 'classifier:random_forest:min_weight_fraction_leaf': 0.0, 'classifier:random_forest:n_estimators': 100, 'preprocessor:polynomial:degree': 2, 'preprocessor:polynomial:include_bias': 'False', 'preprocessor:polynomial:interaction_only': 'True'},
dataset_properties={
  'task': 1,
  'sparse': False,
  'multilabel': False,
  'multiclass': False,
  'target_type': 'classification',
  'signed': False}))]",0.8230088495575221,0.0,0.8379796425198502,0.0,0.8230088495575221,0.0,0.8208175305520438,0.0
avila-tr,14409.882330894468,0.9980831895725512,0.9980930457043788,0.9980831895725512,0.998076355748519,"[(1.0, SimpleClassificationPipeline({'balancing:strategy': 'weighting', 'categorical_encoding:__choice__': 'no_encoding', 'classifier:__choice__': 'gradient_boosting', 'imputation:strategy': 'most_frequent', 'preprocessor:__choice__': 'select_rates', 'rescaling:__choice__': 'quantile_transformer', 'classifier:gradient_boosting:criterion': 'friedman_mse', 'classifier:gradient_boosting:learning_rate': 0.11172363500460869, 'classifier:gradient_boosting:loss': 'deviance', 'classifier:gradient_boosting:max_depth': 6, 'classifier:gradient_boosting:max_features': 0.9796128109727623, 'classifier:gradient_boosting:max_leaf_nodes': 'None', 'classifier:gradient_boosting:min_impurity_decrease': 0.0, 'classifier:gradient_boosting:min_samples_leaf': 6, 'classifier:gradient_boosting:min_samples_split': 14, 'classifier:gradient_boosting:min_weight_fraction_leaf': 0.0, 'classifier:gradient_boosting:n_estimators': 479, 'classifier:gradient_boosting:subsample': 0.720448024016425, 'preprocessor:select_rates:alpha': 0.2682269249283231, 'preprocessor:select_rates:mode': 'fwe', 'preprocessor:select_rates:score_func': 'f_classif', 'rescaling:quantile_transformer:n_quantiles': 125, 'rescaling:quantile_transformer:output_distribution': 'normal'},
dataset_properties={
  'task': 2,
  'sparse': False,
  'multilabel': False,
  'multiclass': True,
  'target_type': 'classification',
  'signed': False}))]",0.9980831895725512,0.0,0.9980930457043788,0.0,0.9980831895725512,0.0,0.998076355748519,0.0
churn,14397.576253414152,0.9520000000000001,0.9505487723954876,0.9520000000000001,0.9508735586772848,"[(1.0, SimpleClassificationPipeline({'balancing:strategy': 'weighting', 'categorical_encoding:__choice__': 'one_hot_encoding', 'classifier:__choice__': 'gradient_boosting', 'imputation:strategy': 'median', 'preprocessor:__choice__': 'no_preprocessing', 'rescaling:__choice__': 'robust_scaler', 'categorical_encoding:one_hot_encoding:use_minimum_fraction': 'False', 'classifier:gradient_boosting:criterion': 'friedman_mse', 'classifier:gradient_boosting:learning_rate': 0.0723381440534425, 'classifier:gradient_boosting:loss': 'deviance', 'classifier:gradient_boosting:max_depth': 9, 'classifier:gradient_boosting:max_features': 0.9731034933192217, 'classifier:gradient_boosting:max_leaf_nodes': 'None', 'classifier:gradient_boosting:min_impurity_decrease': 0.0, 'classifier:gradient_boosting:min_samples_leaf': 20, 'classifier:gradient_boosting:min_samples_split': 4, 'classifier:gradient_boosting:min_weight_fraction_leaf': 0.0, 'classifier:gradient_boosting:n_estimators': 195, 'classifier:gradient_boosting:subsample': 0.8597096259635738, 'rescaling:robust_scaler:q_max': 0.9551090943193143, 'rescaling:robust_scaler:q_min': 0.18755530425772235},
dataset_properties={
  'task': 1,
  'sparse': False,
  'multilabel': False,
  'multiclass': False,
  'target_type': 'classification',
  'signed': False}))]",0.9520000000000001,0.0,0.9505487723954876,0.0,0.9520000000000001,0.0,0.9508735586772848,0.0
connect-4,14399.879915475845,0.8396092362344583,0.8275748752352928,0.8396092362344583,0.8323128888398843,"[(1.0, SimpleClassificationPipeline({'balancing:strategy': 'none', 'categorical_encoding:__choice__': 'one_hot_encoding', 'classifier:__choice__': 'gradient_boosting', 'imputation:strategy': 'median', 'preprocessor:__choice__': 'no_preprocessing', 'rescaling:__choice__': 'robust_scaler', 'categorical_encoding:one_hot_encoding:use_minimum_fraction': 'True', 'classifier:gradient_boosting:criterion': 'friedman_mse', 'classifier:gradient_boosting:learning_rate': 0.43301215198950077, 'classifier:gradient_boosting:loss': 'deviance', 'classifier:gradient_boosting:max_depth': 8, 'classifier:gradient_boosting:max_features': 0.5161298729213245, 'classifier:gradient_boosting:max_leaf_nodes': 'None', 'classifier:gradient_boosting:min_impurity_decrease': 0.0, 'classifier:gradient_boosting:min_samples_leaf': 13, 'classifier:gradient_boosting:min_samples_split': 12, 'classifier:gradient_boosting:min_weight_fraction_leaf': 0.0, 'classifier:gradient_boosting:n_estimators': 379, 'classifier:gradient_boosting:subsample': 0.8703681007674552, 'rescaling:robust_scaler:q_max': 0.75, 'rescaling:robust_scaler:q_min': 0.25, 'categorical_encoding:one_hot_encoding:minimum_fraction': 0.00011153394392837767},
dataset_properties={
  'task': 2,
  'sparse': False,
  'multilabel': False,
  'multiclass': True,
  'target_type': 'classification',
  'signed': False}))]",0.8396092362344583,0.0,0.8275748752352928,0.0,0.8396092362344583,0.0,0.8323128888398843,0.0
dataset_186_satimage,14401.173875570295,0.9179104477611941,0.9168633424557594,0.9179104477611941,0.916613278069486,"[(1.0, SimpleClassificationPipeline({'balancing:strategy': 'none', 'categorical_encoding:__choice__': 'one_hot_encoding', 'classifier:__choice__': 'gradient_boosting', 'imputation:strategy': 'mean', 'preprocessor:__choice__': 'no_preprocessing', 'rescaling:__choice__': 'none', 'categorical_encoding:one_hot_encoding:use_minimum_fraction': 'True', 'classifier:gradient_boosting:criterion': 'mse', 'classifier:gradient_boosting:learning_rate': 0.2220788600596115, 'classifier:gradient_boosting:loss': 'deviance', 'classifier:gradient_boosting:max_depth': 6, 'classifier:gradient_boosting:max_features': 0.3179103611366719, 'classifier:gradient_boosting:max_leaf_nodes': 'None', 'classifier:gradient_boosting:min_impurity_decrease': 0.0, 'classifier:gradient_boosting:min_samples_leaf': 13, 'classifier:gradient_boosting:min_samples_split': 6, 'classifier:gradient_boosting:min_weight_fraction_leaf': 0.0, 'classifier:gradient_boosting:n_estimators': 379, 'classifier:gradient_boosting:subsample': 0.7342891263485454, 'categorical_encoding:one_hot_encoding:minimum_fraction': 0.010000000000000004},
dataset_properties={
  'task': 2,
  'sparse': False,
  'multilabel': False,
  'multiclass': True,
  'target_type': 'classification',
  'signed': False}))]",0.9179104477611941,0.0,0.9168633424557594,0.0,0.9179104477611941,0.0,0.916613278069486,0.0
dataset_189_baseball,14398.773919820786,0.9373134328358208,0.9301886792452828,0.9373134328358208,0.9281677346437486,"[(1.0, SimpleClassificationPipeline({'balancing:strategy': 'none', 'categorical_encoding:__choice__': 'one_hot_encoding', 'classifier:__choice__': 'gradient_boosting', 'imputation:strategy': 'mean', 'preprocessor:__choice__': 'polynomial', 'rescaling:__choice__': 'minmax', 'categorical_encoding:one_hot_encoding:use_minimum_fraction': 'True', 'classifier:gradient_boosting:criterion': 'mae', 'classifier:gradient_boosting:learning_rate': 0.02147200610548815, 'classifier:gradient_boosting:loss': 'deviance', 'classifier:gradient_boosting:max_depth': 2, 'classifier:gradient_boosting:max_features': 0.3992831152252868, 'classifier:gradient_boosting:max_leaf_nodes': 'None', 'classifier:gradient_boosting:min_impurity_decrease': 0.0, 'classifier:gradient_boosting:min_samples_leaf': 8, 'classifier:gradient_boosting:min_samples_split': 2, 'classifier:gradient_boosting:min_weight_fraction_leaf': 0.0, 'classifier:gradient_boosting:n_estimators': 422, 'classifier:gradient_boosting:subsample': 0.4018372872741763, 'preprocessor:polynomial:degree': 2, 'preprocessor:polynomial:include_bias': 'False', 'preprocessor:polynomial:interaction_only': 'False', 'categorical_encoding:one_hot_encoding:minimum_fraction': 0.05018694649223493},
dataset_properties={
  'task': 2,
  'sparse': False,
  'multilabel': False,
  'multiclass': True,
  'target_type': 'classification',
  'signed': False}))]",0.9373134328358208,0.0,0.9301886792452828,0.0,0.9373134328358208,0.0,0.9281677346437486,0.0
dataset_194_eucalyptus,14396.433373451233,0.6684782608695652,0.6465853050431855,0.6684782608695652,0.6518331788963715,"[(1.0, SimpleClassificationPipeline({'balancing:strategy': 'none', 'categorical_encoding:__choice__': 'no_encoding', 'classifier:__choice__': 'gradient_boosting', 'imputation:strategy': 'most_frequent', 'preprocessor:__choice__': 'polynomial', 'rescaling:__choice__': 'quantile_transformer', 'classifier:gradient_boosting:criterion': 'friedman_mse', 'classifier:gradient_boosting:learning_rate': 0.010680079406496809, 'classifier:gradient_boosting:loss': 'deviance', 'classifier:gradient_boosting:max_depth': 4, 'classifier:gradient_boosting:max_features': 0.9674507209096994, 'classifier:gradient_boosting:max_leaf_nodes': 'None', 'classifier:gradient_boosting:min_impurity_decrease': 0.0, 'classifier:gradient_boosting:min_samples_leaf': 8, 'classifier:gradient_boosting:min_samples_split': 10, 'classifier:gradient_boosting:min_weight_fraction_leaf': 0.0, 'classifier:gradient_boosting:n_estimators': 111, 'classifier:gradient_boosting:subsample': 0.9460672235144182, 'preprocessor:polynomial:degree': 3, 'preprocessor:polynomial:include_bias': 'False', 'preprocessor:polynomial:interaction_only': 'False', 'rescaling:quantile_transformer:n_quantiles': 1000, 'rescaling:quantile_transformer:output_distribution': 'uniform'},
dataset_properties={
  'task': 2,
  'sparse': False,
  'multilabel': False,
  'multiclass': True,
  'target_type': 'classification',
  'signed': False}))]",0.6684782608695652,0.0,0.6465853050431855,0.0,0.6684782608695652,0.0,0.6518331788963715,0.0
dataset_24_mushroom,14395.692011833191,1.0,1.0,1.0,1.0,"[(1.0, SimpleClassificationPipeline({'balancing:strategy': 'weighting', 'categorical_encoding:__choice__': 'one_hot_encoding', 'classifier:__choice__': 'random_forest', 'imputation:strategy': 'median', 'preprocessor:__choice__': 'no_preprocessing', 'rescaling:__choice__': 'quantile_transformer', 'categorical_encoding:one_hot_encoding:use_minimum_fraction': 'True', 'classifier:random_forest:bootstrap': 'False', 'classifier:random_forest:criterion': 'gini', 'classifier:random_forest:max_depth': 'None', 'classifier:random_forest:max_features': 0.95158396658569, 'classifier:random_forest:max_leaf_nodes': 'None', 'classifier:random_forest:min_impurity_decrease': 0.0, 'classifier:random_forest:min_samples_leaf': 1, 'classifier:random_forest:min_samples_split': 15, 'classifier:random_forest:min_weight_fraction_leaf': 0.0, 'classifier:random_forest:n_estimators': 100, 'rescaling:quantile_transformer:n_quantiles': 1791, 'rescaling:quantile_transformer:output_distribution': 'normal', 'categorical_encoding:one_hot_encoding:minimum_fraction': 0.0019436034155363262},
dataset_properties={
  'task': 1,
  'sparse': False,
  'multilabel': False,
  'multiclass': False,
  'target_type': 'classification',
  'signed': False}))]",1.0,0.0,1.0,0.0,1.0,0.0,1.0,0.0
dataset_26_nursery,14399.097809553146,0.998148148148148,0.9978746374921966,0.998148148148148,0.9980009838681716,"[(1.0, SimpleClassificationPipeline({'balancing:strategy': 'weighting', 'categorical_encoding:__choice__': 'one_hot_encoding', 'classifier:__choice__': 'gradient_boosting', 'imputation:strategy': 'most_frequent', 'preprocessor:__choice__': 'polynomial', 'rescaling:__choice__': 'minmax', 'categorical_encoding:one_hot_encoding:use_minimum_fraction': 'True', 'classifier:gradient_boosting:criterion': 'mse', 'classifier:gradient_boosting:learning_rate': 0.10000000000000002, 'classifier:gradient_boosting:loss': 'deviance', 'classifier:gradient_boosting:max_depth': 3, 'classifier:gradient_boosting:max_features': 0.84326122702171, 'classifier:gradient_boosting:max_leaf_nodes': 'None', 'classifier:gradient_boosting:min_impurity_decrease': 0.0, 'classifier:gradient_boosting:min_samples_leaf': 8, 'classifier:gradient_boosting:min_samples_split': 13, 'classifier:gradient_boosting:min_weight_fraction_leaf': 0.0, 'classifier:gradient_boosting:n_estimators': 439, 'classifier:gradient_boosting:subsample': 0.46513052419839496, 'preprocessor:polynomial:degree': 2, 'preprocessor:polynomial:include_bias': 'False', 'preprocessor:polynomial:interaction_only': 'True', 'categorical_encoding:one_hot_encoding:minimum_fraction': 0.0004050279168381345},
dataset_properties={
  'task': 2,
  'sparse': False,
  'multilabel': False,
  'multiclass': True,
  'target_type': 'classification',
  'signed': False}))]",0.998148148148148,0.0,0.9978746374921966,0.0,0.998148148148148,0.0,0.9980009838681716,0.0
dataset_28_optdigits,14455.583060741423,0.9850533807829182,0.9853231961921272,0.9850533807829182,0.9850570386088418,"[(1.0, SimpleClassificationPipeline({'balancing:strategy': 'none', 'categorical_encoding:__choice__': 'one_hot_encoding', 'classifier:__choice__': 'passive_aggressive', 'imputation:strategy': 'median', 'preprocessor:__choice__': 'polynomial', 'rescaling:__choice__': 'minmax', 'categorical_encoding:one_hot_encoding:use_minimum_fraction': 'False', 'classifier:passive_aggressive:C': 0.0016497776946678522, 'classifier:passive_aggressive:average': 'False', 'classifier:passive_aggressive:fit_intercept': 'True', 'classifier:passive_aggressive:loss': 'squared_hinge', 'classifier:passive_aggressive:tol': 0.020100640742834023, 'preprocessor:polynomial:degree': 3, 'preprocessor:polynomial:include_bias': 'True', 'preprocessor:polynomial:interaction_only': 'False'},
dataset_properties={
  'task': 2,
  'sparse': False,
  'multilabel': False,
  'multiclass': True,
  'target_type': 'classification',
  'signed': False}))]",0.9850533807829182,0.0,0.9853231961921272,0.0,0.9850533807829182,0.0,0.9850570386088418,0.0
dataset_31_credit-g,14400.326415777206,0.7440000000000001,0.7308505747126436,0.7440000000000001,0.7340500658761528,"[(1.0, SimpleClassificationPipeline({'balancing:strategy': 'weighting', 'categorical_encoding:__choice__': 'one_hot_encoding', 'classifier:__choice__': 'lda', 'imputation:strategy': 'most_frequent', 'preprocessor:__choice__': 'fast_ica', 'rescaling:__choice__': 'robust_scaler', 'categorical_encoding:one_hot_encoding:use_minimum_fraction': 'True', 'classifier:lda:n_components': 211, 'classifier:lda:shrinkage': 'None', 'classifier:lda:tol': 0.008263198605670341, 'preprocessor:fast_ica:algorithm': 'parallel', 'preprocessor:fast_ica:fun': 'exp', 'preprocessor:fast_ica:whiten': 'False', 'rescaling:robust_scaler:q_max': 0.7385133050239112, 'rescaling:robust_scaler:q_min': 0.19310773207224854, 'categorical_encoding:one_hot_encoding:minimum_fraction': 0.010000000000000004},
dataset_properties={
  'task': 1,
  'sparse': False,
  'multilabel': False,
  'multiclass': False,
  'target_type': 'classification',
  'signed': False}))]",0.7440000000000001,0.0,0.7308505747126436,0.0,0.7440000000000001,0.0,0.7340500658761528,0.0
dataset_36_segment,14403.202301979065,0.9723183391003459,0.9731101774778208,0.9723183391003459,0.9725212232247932,"[(1.0, SimpleClassificationPipeline({'balancing:strategy': 'weighting', 'categorical_encoding:__choice__': 'no_encoding', 'classifier:__choice__': 'gradient_boosting', 'imputation:strategy': 'mean', 'preprocessor:__choice__': 'select_rates', 'rescaling:__choice__': 'none', 'classifier:gradient_boosting:criterion': 'friedman_mse', 'classifier:gradient_boosting:learning_rate': 0.31164437237417986, 'classifier:gradient_boosting:loss': 'deviance', 'classifier:gradient_boosting:max_depth': 4, 'classifier:gradient_boosting:max_features': 0.9076394892203565, 'classifier:gradient_boosting:max_leaf_nodes': 'None', 'classifier:gradient_boosting:min_impurity_decrease': 0.0, 'classifier:gradient_boosting:min_samples_leaf': 5, 'classifier:gradient_boosting:min_samples_split': 9, 'classifier:gradient_boosting:min_weight_fraction_leaf': 0.0, 'classifier:gradient_boosting:n_estimators': 336, 'classifier:gradient_boosting:subsample': 0.7080907858886426, 'preprocessor:select_rates:alpha': 0.2286836354093738, 'preprocessor:select_rates:mode': 'fdr', 'preprocessor:select_rates:score_func': 'f_classif'},
dataset_properties={
  'task': 2,
  'sparse': False,
  'multilabel': False,
  'multiclass': True,
  'target_type': 'classification',
  'signed': False}))]",0.9723183391003459,0.0,0.9731101774778208,0.0,0.9723183391003459,0.0,0.9725212232247932,0.0
dataset_39_ecoli,14409.515859603882,0.8928571428571429,0.925170068027211,0.8928571428571429,0.9024234693877552,"[(1.0, SimpleClassificationPipeline({'balancing:strategy': 'weighting', 'categorical_encoding:__choice__': 'one_hot_encoding', 'classifier:__choice__': 'extra_trees', 'imputation:strategy': 'median', 'preprocessor:__choice__': 'feature_agglomeration', 'rescaling:__choice__': 'standardize', 'categorical_encoding:one_hot_encoding:use_minimum_fraction': 'True', 'classifier:extra_trees:bootstrap': 'False', 'classifier:extra_trees:criterion': 'entropy', 'classifier:extra_trees:max_depth': 'None', 'classifier:extra_trees:max_features': 0.11607324110230502, 'classifier:extra_trees:max_leaf_nodes': 'None', 'classifier:extra_trees:min_impurity_decrease': 0.0, 'classifier:extra_trees:min_samples_leaf': 1, 'classifier:extra_trees:min_samples_split': 20, 'classifier:extra_trees:min_weight_fraction_leaf': 0.0, 'classifier:extra_trees:n_estimators': 100, 'preprocessor:feature_agglomeration:affinity': 'manhattan', 'preprocessor:feature_agglomeration:linkage': 'complete', 'preprocessor:feature_agglomeration:n_clusters': 312, 'preprocessor:feature_agglomeration:pooling_func': 'max', 'categorical_encoding:one_hot_encoding:minimum_fraction': 0.03524920772839712},
dataset_properties={
  'task': 2,
  'sparse': False,
  'multilabel': False,
  'multiclass': True,
  'target_type': 'classification',
  'signed': False}))]",0.8928571428571429,0.0,0.925170068027211,0.0,0.8928571428571429,0.0,0.9024234693877552,0.0
dataset_42_soybean,14405.284662246704,0.9181286549707602,0.8854822462855704,0.9181286549707602,0.8982218319423402,"[(1.0, SimpleClassificationPipeline({'balancing:strategy': 'weighting', 'categorical_encoding:__choice__': 'one_hot_encoding', 'classifier:__choice__': 'gaussian_nb', 'imputation:strategy': 'most_frequent', 'preprocessor:__choice__': 'feature_agglomeration', 'rescaling:__choice__': 'none', 'categorical_encoding:one_hot_encoding:use_minimum_fraction': 'False', 'preprocessor:feature_agglomeration:affinity': 'euclidean', 'preprocessor:feature_agglomeration:linkage': 'average', 'preprocessor:feature_agglomeration:n_clusters': 232, 'preprocessor:feature_agglomeration:pooling_func': 'max'},
dataset_properties={
  'task': 2,
  'sparse': False,
  'multilabel': False,
  'multiclass': True,
  'target_type': 'classification',
  'signed': False}))]",0.9181286549707602,0.0,0.8854822462855704,0.0,0.9181286549707602,0.0,0.8982218319423402,0.0
dataset_54_vehicle,14398.438392162325,0.8113207547169812,0.8095854550523562,0.8113207547169812,0.8089125891495453,"[(1.0, SimpleClassificationPipeline({'balancing:strategy': 'none', 'categorical_encoding:__choice__': 'no_encoding', 'classifier:__choice__': 'gradient_boosting', 'imputation:strategy': 'most_frequent', 'preprocessor:__choice__': 'fast_ica', 'rescaling:__choice__': 'normalize', 'classifier:gradient_boosting:criterion': 'friedman_mse', 'classifier:gradient_boosting:learning_rate': 0.04938687904734656, 'classifier:gradient_boosting:loss': 'deviance', 'classifier:gradient_boosting:max_depth': 4, 'classifier:gradient_boosting:max_features': 0.8393657344178502, 'classifier:gradient_boosting:max_leaf_nodes': 'None', 'classifier:gradient_boosting:min_impurity_decrease': 0.0, 'classifier:gradient_boosting:min_samples_leaf': 6, 'classifier:gradient_boosting:min_samples_split': 13, 'classifier:gradient_boosting:min_weight_fraction_leaf': 0.0, 'classifier:gradient_boosting:n_estimators': 310, 'classifier:gradient_boosting:subsample': 0.44201674363333127, 'preprocessor:fast_ica:algorithm': 'deflation', 'preprocessor:fast_ica:fun': 'exp', 'preprocessor:fast_ica:whiten': 'True', 'preprocessor:fast_ica:n_components': 652},
dataset_properties={
  'task': 2,
  'sparse': False,
  'multilabel': False,
  'multiclass': True,
  'target_type': 'classification',
  'signed': False}))]",0.8113207547169812,0.0,0.8095854550523562,0.0,0.8113207547169812,0.0,0.8089125891495453,0.0
dataset_60_waveform-5000,14397.822366476059,0.8656,0.8662403990024937,0.8656,0.8655555110571079,"[(1.0, SimpleClassificationPipeline({'balancing:strategy': 'none', 'categorical_encoding:__choice__': 'one_hot_encoding', 'classifier:__choice__': 'gradient_boosting', 'imputation:strategy': 'median', 'preprocessor:__choice__': 'pca', 'rescaling:__choice__': 'none', 'categorical_encoding:one_hot_encoding:use_minimum_fraction': 'True', 'classifier:gradient_boosting:criterion': 'mae', 'classifier:gradient_boosting:learning_rate': 0.01825737101698457, 'classifier:gradient_boosting:loss': 'deviance', 'classifier:gradient_boosting:max_depth': 4, 'classifier:gradient_boosting:max_features': 0.8716081167461028, 'classifier:gradient_boosting:max_leaf_nodes': 'None', 'classifier:gradient_boosting:min_impurity_decrease': 0.0, 'classifier:gradient_boosting:min_samples_leaf': 11, 'classifier:gradient_boosting:min_samples_split': 14, 'classifier:gradient_boosting:min_weight_fraction_leaf': 0.0, 'classifier:gradient_boosting:n_estimators': 350, 'classifier:gradient_boosting:subsample': 0.1449700167804262, 'preprocessor:pca:keep_variance': 0.9999, 'preprocessor:pca:whiten': 'False', 'categorical_encoding:one_hot_encoding:minimum_fraction': 0.05524435678783746},
dataset_properties={
  'task': 2,
  'sparse': False,
  'multilabel': False,
  'multiclass': True,
  'target_type': 'classification',
  'signed': False}))]",0.8656,0.0,0.8662403990024937,0.0,0.8656,0.0,0.8655555110571079,0.0
dataset_9_autos,14404.121980667114,0.75,0.7826923076923078,0.75,0.7521902723041243,"[(1.0, SimpleClassificationPipeline({'balancing:strategy': 'none', 'categorical_encoding:__choice__': 'no_encoding', 'classifier:__choice__': 'gradient_boosting', 'imputation:strategy': 'most_frequent', 'preprocessor:__choice__': 'select_percentile_classification', 'rescaling:__choice__': 'quantile_transformer', 'classifier:gradient_boosting:criterion': 'mse', 'classifier:gradient_boosting:learning_rate': 0.2237626050024188, 'classifier:gradient_boosting:loss': 'deviance', 'classifier:gradient_boosting:max_depth': 8, 'classifier:gradient_boosting:max_features': 0.7860842801359531, 'classifier:gradient_boosting:max_leaf_nodes': 'None', 'classifier:gradient_boosting:min_impurity_decrease': 0.0, 'classifier:gradient_boosting:min_samples_leaf': 8, 'classifier:gradient_boosting:min_samples_split': 9, 'classifier:gradient_boosting:min_weight_fraction_leaf': 0.0, 'classifier:gradient_boosting:n_estimators': 320, 'classifier:gradient_boosting:subsample': 0.15750505367531203, 'preprocessor:select_percentile_classification:percentile': 80.6015899001883, 'preprocessor:select_percentile_classification:score_func': 'f_classif', 'rescaling:quantile_transformer:n_quantiles': 1495, 'rescaling:quantile_transformer:output_distribution': 'uniform'},
dataset_properties={
  'task': 2,
  'sparse': False,
  'multilabel': False,
  'multiclass': True,
  'target_type': 'classification',
  'signed': False}))]",0.75,0.0,0.7826923076923078,0.0,0.75,0.0,0.7521902723041243,0.0
electricity-normalized,14401.102905035019,0.9246998587570622,0.9247295801328196,0.9246998587570622,0.9247134774553454,"[(1.0, SimpleClassificationPipeline({'balancing:strategy': 'weighting', 'categorical_encoding:__choice__': 'no_encoding', 'classifier:__choice__': 'gradient_boosting', 'imputation:strategy': 'median', 'preprocessor:__choice__': 'feature_agglomeration', 'rescaling:__choice__': 'standardize', 'classifier:gradient_boosting:criterion': 'friedman_mse', 'classifier:gradient_boosting:learning_rate': 0.3326182856326315, 'classifier:gradient_boosting:loss': 'deviance', 'classifier:gradient_boosting:max_depth': 10, 'classifier:gradient_boosting:max_features': 0.7465760674674451, 'classifier:gradient_boosting:max_leaf_nodes': 'None', 'classifier:gradient_boosting:min_impurity_decrease': 0.0, 'classifier:gradient_boosting:min_samples_leaf': 2, 'classifier:gradient_boosting:min_samples_split': 19, 'classifier:gradient_boosting:min_weight_fraction_leaf': 0.0, 'classifier:gradient_boosting:n_estimators': 287, 'classifier:gradient_boosting:subsample': 0.9289648741955016, 'preprocessor:feature_agglomeration:affinity': 'euclidean', 'preprocessor:feature_agglomeration:linkage': 'complete', 'preprocessor:feature_agglomeration:n_clusters': 38, 'preprocessor:feature_agglomeration:pooling_func': 'median'},
dataset_properties={
  'task': 1,
  'sparse': False,
  'multilabel': False,
  'multiclass': False,
  'target_type': 'classification',
  'signed': False}))]",0.9246998587570622,0.0,0.9247295801328196,0.0,0.9246998587570622,0.0,0.9247134774553454,0.0
gina_agnostic,14396.877739667892,0.9573241061130334,0.9575612202057022,0.9573241061130334,0.9573394532896028,"[(1.0, SimpleClassificationPipeline({'balancing:strategy': 'none', 'categorical_encoding:__choice__': 'one_hot_encoding', 'classifier:__choice__': 'adaboost', 'imputation:strategy': 'median', 'preprocessor:__choice__': 'extra_trees_preproc_for_classification', 'rescaling:__choice__': 'quantile_transformer', 'categorical_encoding:one_hot_encoding:use_minimum_fraction': 'True', 'classifier:adaboost:algorithm': 'SAMME', 'classifier:adaboost:learning_rate': 0.44556891168548246, 'classifier:adaboost:max_depth': 6, 'classifier:adaboost:n_estimators': 299, 'preprocessor:extra_trees_preproc_for_classification:bootstrap': 'False', 'preprocessor:extra_trees_preproc_for_classification:criterion': 'gini', 'preprocessor:extra_trees_preproc_for_classification:max_depth': 'None', 'preprocessor:extra_trees_preproc_for_classification:max_features': 0.5, 'preprocessor:extra_trees_preproc_for_classification:max_leaf_nodes': 'None', 'preprocessor:extra_trees_preproc_for_classification:min_impurity_decrease': 0.0, 'preprocessor:extra_trees_preproc_for_classification:min_samples_leaf': 1, 'preprocessor:extra_trees_preproc_for_classification:min_samples_split': 2, 'preprocessor:extra_trees_preproc_for_classification:min_weight_fraction_leaf': 0.0, 'preprocessor:extra_trees_preproc_for_classification:n_estimators': 100, 'rescaling:quantile_transformer:n_quantiles': 1000, 'rescaling:quantile_transformer:output_distribution': 'uniform', 'categorical_encoding:one_hot_encoding:minimum_fraction': 0.010000000000000004},
dataset_properties={
  'task': 1,
  'sparse': False,
  'multilabel': False,
  'multiclass': False,
  'target_type': 'classification',
  'signed': False}))]",0.9573241061130334,0.0,0.9575612202057022,0.0,0.9573241061130334,0.0,0.9573394532896028,0.0
hiva_agnostic,14397.567000865934,0.9593572778827976,0.9456300576419864,0.9593572778827976,0.9496475557033088,"[(1.0, SimpleClassificationPipeline({'balancing:strategy': 'none', 'categorical_encoding:__choice__': 'one_hot_encoding', 'classifier:__choice__': 'k_nearest_neighbors', 'imputation:strategy': 'mean', 'preprocessor:__choice__': 'select_percentile_classification', 'rescaling:__choice__': 'robust_scaler', 'categorical_encoding:one_hot_encoding:use_minimum_fraction': 'False', 'classifier:k_nearest_neighbors:n_neighbors': 5, 'classifier:k_nearest_neighbors:p': 2, 'classifier:k_nearest_neighbors:weights': 'distance', 'preprocessor:select_percentile_classification:percentile': 21.629390139581872, 'preprocessor:select_percentile_classification:score_func': 'chi2', 'rescaling:robust_scaler:q_max': 0.9989126661425214, 'rescaling:robust_scaler:q_min': 0.24390035358504691},
dataset_properties={
  'task': 1,
  'sparse': False,
  'multilabel': False,
  'multiclass': False,
  'target_type': 'classification',
  'signed': False}))]",0.9593572778827976,0.0,0.9456300576419864,0.0,0.9593572778827976,0.0,0.9496475557033088,0.0
ipums_la_99-small,14398.311879158018,0.9321573948439621,0.8921936667530941,0.9321573948439621,0.9057289452189801,"[(1.0, SimpleClassificationPipeline({'balancing:strategy': 'none', 'categorical_encoding:__choice__': 'one_hot_encoding', 'classifier:__choice__': 'extra_trees', 'imputation:strategy': 'median', 'preprocessor:__choice__': 'no_preprocessing', 'rescaling:__choice__': 'standardize', 'categorical_encoding:one_hot_encoding:use_minimum_fraction': 'True', 'classifier:extra_trees:bootstrap': 'False', 'classifier:extra_trees:criterion': 'entropy', 'classifier:extra_trees:max_depth': 'None', 'classifier:extra_trees:max_features': 0.9422520675996444, 'classifier:extra_trees:max_leaf_nodes': 'None', 'classifier:extra_trees:min_impurity_decrease': 0.0, 'classifier:extra_trees:min_samples_leaf': 4, 'classifier:extra_trees:min_samples_split': 12, 'classifier:extra_trees:min_weight_fraction_leaf': 0.0, 'classifier:extra_trees:n_estimators': 100, 'categorical_encoding:one_hot_encoding:minimum_fraction': 0.0013440632244443374},
dataset_properties={
  'task': 2,
  'sparse': False,
  'multilabel': False,
  'multiclass': True,
  'target_type': 'classification',
  'signed': False}))]",0.9321573948439621,0.0,0.8921936667530941,0.0,0.9321573948439621,0.0,0.9057289452189801,0.0
jm1,14397.968026638033,0.8163115356355621,0.7842662223600279,0.8163115356355621,0.7781757712921374,"[(1.0, SimpleClassificationPipeline({'balancing:strategy': 'none', 'categorical_encoding:__choice__': 'one_hot_encoding', 'classifier:__choice__': 'gradient_boosting', 'imputation:strategy': 'most_frequent', 'preprocessor:__choice__': 'fast_ica', 'rescaling:__choice__': 'standardize', 'categorical_encoding:one_hot_encoding:use_minimum_fraction': 'True', 'classifier:gradient_boosting:criterion': 'friedman_mse', 'classifier:gradient_boosting:learning_rate': 0.010469604421456289, 'classifier:gradient_boosting:loss': 'deviance', 'classifier:gradient_boosting:max_depth': 10, 'classifier:gradient_boosting:max_features': 0.5898437429866791, 'classifier:gradient_boosting:max_leaf_nodes': 'None', 'classifier:gradient_boosting:min_impurity_decrease': 0.0, 'classifier:gradient_boosting:min_samples_leaf': 6, 'classifier:gradient_boosting:min_samples_split': 3, 'classifier:gradient_boosting:min_weight_fraction_leaf': 0.0, 'classifier:gradient_boosting:n_estimators': 366, 'classifier:gradient_boosting:subsample': 0.5086927126893016, 'preprocessor:fast_ica:algorithm': 'parallel', 'preprocessor:fast_ica:fun': 'exp', 'preprocessor:fast_ica:whiten': 'True', 'categorical_encoding:one_hot_encoding:minimum_fraction': 0.010000000000000004, 'preprocessor:fast_ica:n_components': 891},
dataset_properties={
  'task': 1,
  'sparse': False,
  'multilabel': False,
  'multiclass': False,
  'target_type': 'classification',
  'signed': False}))]",0.8163115356355621,0.0,0.7842662223600279,0.0,0.8163115356355621,0.0,0.7781757712921374,0.0
jungle_chess_2pcs_endgame_panther_lion,14396.830530643465,1.0,1.0,1.0,1.0,"[(1.0, SimpleClassificationPipeline({'balancing:strategy': 'none', 'categorical_encoding:__choice__': 'no_encoding', 'classifier:__choice__': 'adaboost', 'imputation:strategy': 'most_frequent', 'preprocessor:__choice__': 'select_rates', 'rescaling:__choice__': 'standardize', 'classifier:adaboost:algorithm': 'SAMME', 'classifier:adaboost:learning_rate': 0.015284204134052138, 'classifier:adaboost:max_depth': 6, 'classifier:adaboost:n_estimators': 476, 'preprocessor:select_rates:alpha': 0.363274596513786, 'preprocessor:select_rates:mode': 'fdr', 'preprocessor:select_rates:score_func': 'chi2'},
dataset_properties={
  'task': 2,
  'sparse': False,
  'multilabel': False,
  'multiclass': True,
  'target_type': 'classification',
  'signed': False}))]",1.0,0.0,1.0,0.0,1.0,0.0,1.0,0.0
kin8nm,14396.426864624023,0.9013671875,0.901357796964154,0.9013671875,0.9013487087261334,"[(1.0, SimpleClassificationPipeline({'balancing:strategy': 'none', 'categorical_encoding:__choice__': 'no_encoding', 'classifier:__choice__': 'sgd', 'imputation:strategy': 'most_frequent', 'preprocessor:__choice__': 'kitchen_sinks', 'rescaling:__choice__': 'minmax', 'classifier:sgd:alpha': 2.601330967692054e-07, 'classifier:sgd:average': 'True', 'classifier:sgd:fit_intercept': 'True', 'classifier:sgd:learning_rate': 'optimal', 'classifier:sgd:loss': 'modified_huber', 'classifier:sgd:penalty': 'l2', 'classifier:sgd:tol': 0.01091612891199193, 'preprocessor:kitchen_sinks:gamma': 1.3040973797609923, 'preprocessor:kitchen_sinks:n_components': 7036, 'classifier:sgd:epsilon': 0.00776163602402276},
dataset_properties={
  'task': 1,
  'sparse': False,
  'multilabel': False,
  'multiclass': False,
  'target_type': 'classification',
  'signed': False}))]",0.9013671875,0.0,0.901357796964154,0.0,0.9013671875,0.0,0.9013487087261334,0.0
page-blocks,14397.175024032593,0.9780861943024104,0.978228468822406,0.9780861943024104,0.978152282544708,"[(1.0, SimpleClassificationPipeline({'balancing:strategy': 'none', 'categorical_encoding:__choice__': 'no_encoding', 'classifier:__choice__': 'gradient_boosting', 'imputation:strategy': 'mean', 'preprocessor:__choice__': 'polynomial', 'rescaling:__choice__': 'none', 'classifier:gradient_boosting:criterion': 'mse', 'classifier:gradient_boosting:learning_rate': 0.0854196336593663, 'classifier:gradient_boosting:loss': 'deviance', 'classifier:gradient_boosting:max_depth': 10, 'classifier:gradient_boosting:max_features': 0.23444733868208903, 'classifier:gradient_boosting:max_leaf_nodes': 'None', 'classifier:gradient_boosting:min_impurity_decrease': 0.0, 'classifier:gradient_boosting:min_samples_leaf': 2, 'classifier:gradient_boosting:min_samples_split': 9, 'classifier:gradient_boosting:min_weight_fraction_leaf': 0.0, 'classifier:gradient_boosting:n_estimators': 496, 'classifier:gradient_boosting:subsample': 0.9925195822576995, 'preprocessor:polynomial:degree': 3, 'preprocessor:polynomial:include_bias': 'False', 'preprocessor:polynomial:interaction_only': 'False'},
dataset_properties={
  'task': 1,
  'sparse': False,
  'multilabel': False,
  'multiclass': False,
  'target_type': 'classification',
  'signed': False}))]",0.9780861943024104,0.0,0.978228468822406,0.0,0.9780861943024104,0.0,0.978152282544708,0.0
php0FyS2T,14396.615861654282,0.6675,0.7173041125541125,0.6675,0.6599118104118104,"[(1.0, SimpleClassificationPipeline({'balancing:strategy': 'weighting', 'categorical_encoding:__choice__': 'one_hot_encoding', 'classifier:__choice__': 'liblinear_svc', 'imputation:strategy': 'mean', 'preprocessor:__choice__': 'kitchen_sinks', 'rescaling:__choice__': 'minmax', 'categorical_encoding:one_hot_encoding:use_minimum_fraction': 'False', 'classifier:liblinear_svc:C': 19.762644764306877, 'classifier:liblinear_svc:dual': 'False', 'classifier:liblinear_svc:fit_intercept': 'True', 'classifier:liblinear_svc:intercept_scaling': 1, 'classifier:liblinear_svc:loss': 'squared_hinge', 'classifier:liblinear_svc:multi_class': 'ovr', 'classifier:liblinear_svc:penalty': 'l2', 'classifier:liblinear_svc:tol': 0.0002086573063326506, 'preprocessor:kitchen_sinks:gamma': 2.9243826230729524, 'preprocessor:kitchen_sinks:n_components': 1525},
dataset_properties={
  'task': 2,
  'sparse': False,
  'multilabel': False,
  'multiclass': True,
  'target_type': 'classification',
  'signed': False}))]",0.6675,0.0,0.7173041125541125,0.0,0.6675,0.0,0.6599118104118104,0.0
php5s7Ep8,14403.725622177124,0.7798353909465021,0.7836877649524933,0.7798353909465021,0.7800093612426792,"[(1.0, SimpleClassificationPipeline({'balancing:strategy': 'weighting', 'categorical_encoding:__choice__': 'no_encoding', 'classifier:__choice__': 'gradient_boosting', 'imputation:strategy': 'mean', 'preprocessor:__choice__': 'feature_agglomeration', 'rescaling:__choice__': 'minmax', 'classifier:gradient_boosting:criterion': 'friedman_mse', 'classifier:gradient_boosting:learning_rate': 0.013667436152107165, 'classifier:gradient_boosting:loss': 'deviance', 'classifier:gradient_boosting:max_depth': 10, 'classifier:gradient_boosting:max_features': 0.5504149923365963, 'classifier:gradient_boosting:max_leaf_nodes': 'None', 'classifier:gradient_boosting:min_impurity_decrease': 0.0, 'classifier:gradient_boosting:min_samples_leaf': 10, 'classifier:gradient_boosting:min_samples_split': 2, 'classifier:gradient_boosting:min_weight_fraction_leaf': 0.0, 'classifier:gradient_boosting:n_estimators': 500, 'classifier:gradient_boosting:subsample': 0.969835165982864, 'preprocessor:feature_agglomeration:affinity': 'euclidean', 'preprocessor:feature_agglomeration:linkage': 'ward', 'preprocessor:feature_agglomeration:n_clusters': 25, 'preprocessor:feature_agglomeration:pooling_func': 'mean'},
dataset_properties={
  'task': 2,
  'sparse': False,
  'multilabel': False,
  'multiclass': True,
  'target_type': 'classification',
  'signed': False}))]",0.7798353909465021,0.0,0.7836877649524933,0.0,0.7798353909465021,0.0,0.7800093612426792,0.0
php7KLval,14398.732902050016,0.8079999999999999,0.8031210762331839,0.8079999999999999,0.7780292682926829,"[(1.0, SimpleClassificationPipeline({'balancing:strategy': 'none', 'categorical_encoding:__choice__': 'one_hot_encoding', 'classifier:__choice__': 'random_forest', 'imputation:strategy': 'most_frequent', 'preprocessor:__choice__': 'polynomial', 'rescaling:__choice__': 'none', 'categorical_encoding:one_hot_encoding:use_minimum_fraction': 'True', 'classifier:random_forest:bootstrap': 'False', 'classifier:random_forest:criterion': 'gini', 'classifier:random_forest:max_depth': 'None', 'classifier:random_forest:max_features': 0.8481850770753777, 'classifier:random_forest:max_leaf_nodes': 'None', 'classifier:random_forest:min_impurity_decrease': 0.0, 'classifier:random_forest:min_samples_leaf': 9, 'classifier:random_forest:min_samples_split': 3, 'classifier:random_forest:min_weight_fraction_leaf': 0.0, 'classifier:random_forest:n_estimators': 100, 'preprocessor:polynomial:degree': 2, 'preprocessor:polynomial:include_bias': 'False', 'preprocessor:polynomial:interaction_only': 'True', 'categorical_encoding:one_hot_encoding:minimum_fraction': 0.054275793584163394},
dataset_properties={
  'task': 1,
  'sparse': False,
  'multilabel': False,
  'multiclass': False,
  'target_type': 'classification',
  'signed': False}))]",0.8079999999999999,0.0,0.8031210762331839,0.0,0.8079999999999999,0.0,0.7780292682926829,0.0
phpB0xrNj,14395.672229051592,0.9635897435897436,0.9643063877562048,0.9635897435897436,0.9635501269698472,"[(1.0, SimpleClassificationPipeline({'balancing:strategy': 'weighting', 'categorical_encoding:__choice__': 'one_hot_encoding', 'classifier:__choice__': 'libsvm_svc', 'imputation:strategy': 'median', 'preprocessor:__choice__': 'no_preprocessing', 'rescaling:__choice__': 'none', 'categorical_encoding:one_hot_encoding:use_minimum_fraction': 'False', 'classifier:libsvm_svc:C': 558.0702522462735, 'classifier:libsvm_svc:gamma': 0.016882287834874558, 'classifier:libsvm_svc:kernel': 'poly', 'classifier:libsvm_svc:max_iter': -1, 'classifier:libsvm_svc:shrinking': 'False', 'classifier:libsvm_svc:tol': 0.0018199730295434824, 'classifier:libsvm_svc:coef0': 0.013991286255855995, 'classifier:libsvm_svc:degree': 4},
dataset_properties={
  'task': 2,
  'sparse': False,
  'multilabel': False,
  'multiclass': True,
  'target_type': 'classification',
  'signed': False}))]",0.9635897435897436,0.0,0.9643063877562048,0.0,0.9635897435897436,0.0,0.9635501269698472,0.0
phpGReJjU,14408.774616956709,0.9998252664686352,0.9998255105903564,0.9998252664686352,0.9998252053950792,"[(1.0, SimpleClassificationPipeline({'balancing:strategy': 'weighting', 'categorical_encoding:__choice__': 'one_hot_encoding', 'classifier:__choice__': 'gradient_boosting', 'imputation:strategy': 'mean', 'preprocessor:__choice__': 'no_preprocessing', 'rescaling:__choice__': 'minmax', 'categorical_encoding:one_hot_encoding:use_minimum_fraction': 'True', 'classifier:gradient_boosting:criterion': 'mse', 'classifier:gradient_boosting:learning_rate': 0.2733305172888197, 'classifier:gradient_boosting:loss': 'deviance', 'classifier:gradient_boosting:max_depth': 7, 'classifier:gradient_boosting:max_features': 0.5040684742151901, 'classifier:gradient_boosting:max_leaf_nodes': 'None', 'classifier:gradient_boosting:min_impurity_decrease': 0.0, 'classifier:gradient_boosting:min_samples_leaf': 7, 'classifier:gradient_boosting:min_samples_split': 19, 'classifier:gradient_boosting:min_weight_fraction_leaf': 0.0, 'classifier:gradient_boosting:n_estimators': 320, 'classifier:gradient_boosting:subsample': 0.3594583713369686, 'categorical_encoding:one_hot_encoding:minimum_fraction': 0.0020046771135162817},
dataset_properties={
  'task': 2,
  'sparse': False,
  'multilabel': False,
  'multiclass': True,
  'target_type': 'classification',
  'signed': False}))]",0.9998252664686352,0.0,0.9998255105903564,0.0,0.9998252664686352,0.0,0.9998252053950792,0.0
phpGUrE90,14397.621508598328,0.8712121212121212,0.8707247695983616,0.8712121212121212,0.8709153194983155,"[(1.0, SimpleClassificationPipeline({'balancing:strategy': 'weighting', 'categorical_encoding:__choice__': 'no_encoding', 'classifier:__choice__': 'qda', 'imputation:strategy': 'most_frequent', 'preprocessor:__choice__': 'kernel_pca', 'rescaling:__choice__': 'none', 'classifier:qda:reg_param': 0.8145031125923666, 'preprocessor:kernel_pca:kernel': 'poly', 'preprocessor:kernel_pca:n_components': 161, 'preprocessor:kernel_pca:coef0': -0.9687654964567556, 'preprocessor:kernel_pca:degree': 3, 'preprocessor:kernel_pca:gamma': 0.06724355882219211},
dataset_properties={
  'task': 1,
  'sparse': False,
  'multilabel': False,
  'multiclass': False,
  'target_type': 'classification',
  'signed': False}))]",0.8712121212121212,0.0,0.8707247695983616,0.0,0.8712121212121212,0.0,0.8709153194983155,0.0
phpN4gaxw,14395.997727632524,0.9974123059229444,0.997422039430716,0.9974123059229444,0.9974118246495892,"[(1.0, SimpleClassificationPipeline({'balancing:strategy': 'none', 'categorical_encoding:__choice__': 'no_encoding', 'classifier:__choice__': 'k_nearest_neighbors', 'imputation:strategy': 'mean', 'preprocessor:__choice__': 'no_preprocessing', 'rescaling:__choice__': 'minmax', 'classifier:k_nearest_neighbors:n_neighbors': 1, 'classifier:k_nearest_neighbors:p': 1, 'classifier:k_nearest_neighbors:weights': 'distance'},
dataset_properties={
  'task': 2,
  'sparse': False,
  'multilabel': False,
  'multiclass': True,
  'target_type': 'classification',
  'signed': False}))]",0.9974123059229444,0.0,0.997422039430716,0.0,0.9974123059229444,0.0,0.9974118246495892,0.0
phpNevWWL,14399.392310142517,0.6957142857142857,0.6851210220867355,0.6957142857142857,0.674825476649841,"[(1.0, SimpleClassificationPipeline({'balancing:strategy': 'none', 'categorical_encoding:__choice__': 'one_hot_encoding', 'classifier:__choice__': 'passive_aggressive', 'imputation:strategy': 'mean', 'preprocessor:__choice__': 'random_trees_embedding', 'rescaling:__choice__': 'quantile_transformer', 'categorical_encoding:one_hot_encoding:use_minimum_fraction': 'True', 'classifier:passive_aggressive:C': 0.00048238581290391535, 'classifier:passive_aggressive:average': 'True', 'classifier:passive_aggressive:fit_intercept': 'True', 'classifier:passive_aggressive:loss': 'squared_hinge', 'classifier:passive_aggressive:tol': 0.014414829141745526, 'preprocessor:random_trees_embedding:bootstrap': 'False', 'preprocessor:random_trees_embedding:max_depth': 4, 'preprocessor:random_trees_embedding:max_leaf_nodes': 'None', 'preprocessor:random_trees_embedding:min_samples_leaf': 9, 'preprocessor:random_trees_embedding:min_samples_split': 8, 'preprocessor:random_trees_embedding:min_weight_fraction_leaf': 1.0, 'preprocessor:random_trees_embedding:n_estimators': 98, 'rescaling:quantile_transformer:n_quantiles': 1403, 'rescaling:quantile_transformer:output_distribution': 'uniform', 'categorical_encoding:one_hot_encoding:minimum_fraction': 0.0014720822510113326},
dataset_properties={
  'task': 2,
  'sparse': False,
  'multilabel': False,
  'multiclass': True,
  'target_type': 'classification',
  'signed': False}))]",0.6957142857142857,0.0,0.6851210220867355,0.0,0.6957142857142857,0.0,0.674825476649841,0.0
phpSZJq5T,14407.104014158247,0.9444444444444444,0.9501234567901236,0.9444444444444444,0.9453197263310784,"[(1.0, SimpleClassificationPipeline({'balancing:strategy': 'weighting', 'categorical_encoding:__choice__': 'one_hot_encoding', 'classifier:__choice__': 'liblinear_svc', 'imputation:strategy': 'most_frequent', 'preprocessor:__choice__': 'pca', 'rescaling:__choice__': 'quantile_transformer', 'categorical_encoding:one_hot_encoding:use_minimum_fraction': 'True', 'classifier:liblinear_svc:C': 1315.6967438487602, 'classifier:liblinear_svc:dual': 'False', 'classifier:liblinear_svc:fit_intercept': 'True', 'classifier:liblinear_svc:intercept_scaling': 1, 'classifier:liblinear_svc:loss': 'squared_hinge', 'classifier:liblinear_svc:multi_class': 'ovr', 'classifier:liblinear_svc:penalty': 'l2', 'classifier:liblinear_svc:tol': 0.0025061732169016286, 'preprocessor:pca:keep_variance': 0.7675264387044539, 'preprocessor:pca:whiten': 'True', 'rescaling:quantile_transformer:n_quantiles': 377, 'rescaling:quantile_transformer:output_distribution': 'normal', 'categorical_encoding:one_hot_encoding:minimum_fraction': 0.4457973001653187},
dataset_properties={
  'task': 2,
  'sparse': False,
  'multilabel': False,
  'multiclass': True,
  'target_type': 'classification',
  'signed': False}))]",0.9444444444444444,0.0,0.9501234567901236,0.0,0.9444444444444444,0.0,0.9453197263310784,0.0
phpVeNa5j,14399.194082260132,0.997800586510264,0.9978048238601316,0.997800586510264,0.9978001220206562,"[(1.0, SimpleClassificationPipeline({'balancing:strategy': 'none', 'categorical_encoding:__choice__': 'no_encoding', 'classifier:__choice__': 'adaboost', 'imputation:strategy': 'mean', 'preprocessor:__choice__': 'select_rates', 'rescaling:__choice__': 'none', 'classifier:adaboost:algorithm': 'SAMME.R', 'classifier:adaboost:learning_rate': 0.04172142355501254, 'classifier:adaboost:max_depth': 7, 'classifier:adaboost:n_estimators': 440, 'preprocessor:select_rates:alpha': 0.3035953584650432, 'preprocessor:select_rates:mode': 'fwe', 'preprocessor:select_rates:score_func': 'f_classif'},
dataset_properties={
  'task': 2,
  'sparse': False,
  'multilabel': False,
  'multiclass': True,
  'target_type': 'classification',
  'signed': False}))]",0.997800586510264,0.0,0.9978048238601316,0.0,0.997800586510264,0.0,0.9978001220206562,0.0
phpWfYmlu,14397.079546689987,0.9794594594594594,0.9796415102495519,0.9794594594594594,0.9794577308639312,"[(1.0, SimpleClassificationPipeline({'balancing:strategy': 'none', 'categorical_encoding:__choice__': 'no_encoding', 'classifier:__choice__': 'gaussian_nb', 'imputation:strategy': 'mean', 'preprocessor:__choice__': 'fast_ica', 'rescaling:__choice__': 'standardize', 'preprocessor:fast_ica:algorithm': 'deflation', 'preprocessor:fast_ica:fun': 'logcosh', 'preprocessor:fast_ica:whiten': 'False'},
dataset_properties={
  'task': 1,
  'sparse': False,
  'multilabel': False,
  'multiclass': False,
  'target_type': 'classification',
  'signed': False}))]",0.9794594594594594,0.0,0.9796415102495519,0.0,0.9794594594594594,0.0,0.9794577308639312,0.0
phpYLeydd,14403.763264179232,0.6743620899149453,0.6689839692030806,0.6743620899149453,0.6681145296678026,"[(1.0, SimpleClassificationPipeline({'balancing:strategy': 'none', 'categorical_encoding:__choice__': 'no_encoding', 'classifier:__choice__': 'gradient_boosting', 'imputation:strategy': 'median', 'preprocessor:__choice__': 'feature_agglomeration', 'rescaling:__choice__': 'standardize', 'classifier:gradient_boosting:criterion': 'mse', 'classifier:gradient_boosting:learning_rate': 0.07228505721528129, 'classifier:gradient_boosting:loss': 'deviance', 'classifier:gradient_boosting:max_depth': 9, 'classifier:gradient_boosting:max_features': 0.9584049323333196, 'classifier:gradient_boosting:max_leaf_nodes': 'None', 'classifier:gradient_boosting:min_impurity_decrease': 0.0, 'classifier:gradient_boosting:min_samples_leaf': 17, 'classifier:gradient_boosting:min_samples_split': 4, 'classifier:gradient_boosting:min_weight_fraction_leaf': 0.0, 'classifier:gradient_boosting:n_estimators': 484, 'classifier:gradient_boosting:subsample': 0.5029992706814881, 'preprocessor:feature_agglomeration:affinity': 'cosine', 'preprocessor:feature_agglomeration:linkage': 'average', 'preprocessor:feature_agglomeration:n_clusters': 309, 'preprocessor:feature_agglomeration:pooling_func': 'mean'},
dataset_properties={
  'task': 2,
  'sparse': False,
  'multilabel': False,
  'multiclass': True,
  'target_type': 'classification',
  'signed': False}))]",0.6743620899149453,0.0,0.6689839692030806,0.0,0.6743620899149453,0.0,0.6681145296678026,0.0
phpbL6t4U,14400.065685033798,0.9953996549741232,0.995416826426275,0.9953996549741232,0.9954003539372002,"[(1.0, SimpleClassificationPipeline({'balancing:strategy': 'none', 'categorical_encoding:__choice__': 'one_hot_encoding', 'classifier:__choice__': 'gradient_boosting', 'imputation:strategy': 'most_frequent', 'preprocessor:__choice__': 'no_preprocessing', 'rescaling:__choice__': 'normalize', 'categorical_encoding:one_hot_encoding:use_minimum_fraction': 'False', 'classifier:gradient_boosting:criterion': 'mse', 'classifier:gradient_boosting:learning_rate': 0.030483903199538365, 'classifier:gradient_boosting:loss': 'deviance', 'classifier:gradient_boosting:max_depth': 5, 'classifier:gradient_boosting:max_features': 0.11800456645110247, 'classifier:gradient_boosting:max_leaf_nodes': 'None', 'classifier:gradient_boosting:min_impurity_decrease': 0.0, 'classifier:gradient_boosting:min_samples_leaf': 2, 'classifier:gradient_boosting:min_samples_split': 12, 'classifier:gradient_boosting:min_weight_fraction_leaf': 0.0, 'classifier:gradient_boosting:n_estimators': 430, 'classifier:gradient_boosting:subsample': 0.5125784628589365},
dataset_properties={
  'task': 2,
  'sparse': False,
  'multilabel': False,
  'multiclass': True,
  'target_type': 'classification',
  'signed': False}))]",0.9953996549741232,0.0,0.995416826426275,0.0,0.9953996549741232,0.0,0.9954003539372002,0.0
phpchCuL5,14395.817713975906,1.0,1.0,1.0,1.0,"[(1.0, SimpleClassificationPipeline({'balancing:strategy': 'weighting', 'categorical_encoding:__choice__': 'no_encoding', 'classifier:__choice__': 'adaboost', 'imputation:strategy': 'median', 'preprocessor:__choice__': 'polynomial', 'rescaling:__choice__': 'none', 'classifier:adaboost:algorithm': 'SAMME.R', 'classifier:adaboost:learning_rate': 0.09310578746611019, 'classifier:adaboost:max_depth': 5, 'classifier:adaboost:n_estimators': 114, 'preprocessor:polynomial:degree': 3, 'preprocessor:polynomial:include_bias': 'True', 'preprocessor:polynomial:interaction_only': 'False'},
dataset_properties={
  'task': 2,
  'sparse': False,
  'multilabel': False,
  'multiclass': True,
  'target_type': 'classification',
  'signed': False}))]",1.0,0.0,1.0,0.0,1.0,0.0,1.0,0.0
phpdReP6S,14403.009277105331,0.9290220820189274,0.901044952681388,0.9290220820189274,0.9078890806764148,"[(1.0, SimpleClassificationPipeline({'balancing:strategy': 'none', 'categorical_encoding:__choice__': 'no_encoding', 'classifier:__choice__': 'xgradient_boosting', 'imputation:strategy': 'mean', 'preprocessor:__choice__': 'no_preprocessing', 'rescaling:__choice__': 'robust_scaler', 'classifier:xgradient_boosting:base_score': 0.5, 'classifier:xgradient_boosting:booster': 'gbtree', 'classifier:xgradient_boosting:colsample_bylevel': 1.0, 'classifier:xgradient_boosting:colsample_bytree': 0.8931861816975193, 'classifier:xgradient_boosting:gamma': 0, 'classifier:xgradient_boosting:learning_rate': 0.10000000000000006, 'classifier:xgradient_boosting:max_delta_step': 0, 'classifier:xgradient_boosting:max_depth': 3, 'classifier:xgradient_boosting:min_child_weight': 0, 'classifier:xgradient_boosting:n_estimators': 512, 'classifier:xgradient_boosting:reg_alpha': 1.4118732910172007e-09, 'classifier:xgradient_boosting:reg_lambda': 1e-10, 'classifier:xgradient_boosting:scale_pos_weight': 1, 'classifier:xgradient_boosting:subsample': 0.7793253573973832, 'rescaling:robust_scaler:q_max': 0.9987219240844509, 'rescaling:robust_scaler:q_min': 0.18838591877132063},
dataset_properties={
  'task': 1,
  'sparse': False,
  'multilabel': False,
  'multiclass': False,
  'target_type': 'classification',
  'signed': False}))]",0.9290220820189274,0.0,0.901044952681388,0.0,0.9290220820189274,0.0,0.9078890806764148,0.0
phpfrJpBS,14398.735839605331,1.0,1.0,1.0,1.0,"[(1.0, SimpleClassificationPipeline({'balancing:strategy': 'weighting', 'categorical_encoding:__choice__': 'no_encoding', 'classifier:__choice__': 'gradient_boosting', 'imputation:strategy': 'mean', 'preprocessor:__choice__': 'polynomial', 'rescaling:__choice__': 'none', 'classifier:gradient_boosting:criterion': 'mse', 'classifier:gradient_boosting:learning_rate': 0.1409954265176813, 'classifier:gradient_boosting:loss': 'deviance', 'classifier:gradient_boosting:max_depth': 10, 'classifier:gradient_boosting:max_features': 0.12582472074142986, 'classifier:gradient_boosting:max_leaf_nodes': 'None', 'classifier:gradient_boosting:min_impurity_decrease': 0.0, 'classifier:gradient_boosting:min_samples_leaf': 20, 'classifier:gradient_boosting:min_samples_split': 4, 'classifier:gradient_boosting:min_weight_fraction_leaf': 0.0, 'classifier:gradient_boosting:n_estimators': 420, 'classifier:gradient_boosting:subsample': 0.6075319118434119, 'preprocessor:polynomial:degree': 2, 'preprocessor:polynomial:include_bias': 'True', 'preprocessor:polynomial:interaction_only': 'False'},
dataset_properties={
  'task': 2,
  'sparse': False,
  'multilabel': False,
  'multiclass': True,
  'target_type': 'classification',
  'signed': False}))]",1.0,0.0,1.0,0.0,1.0,0.0,1.0,0.0
phphQEck0,14396.207331418991,0.9996409042683424,0.9996413493088688,0.9996409042683424,0.9996409967079364,"[(1.0, SimpleClassificationPipeline({'balancing:strategy': 'none', 'categorical_encoding:__choice__': 'one_hot_encoding', 'classifier:__choice__': 'adaboost', 'imputation:strategy': 'median', 'preprocessor:__choice__': 'fast_ica', 'rescaling:__choice__': 'minmax', 'categorical_encoding:one_hot_encoding:use_minimum_fraction': 'True', 'classifier:adaboost:algorithm': 'SAMME.R', 'classifier:adaboost:learning_rate': 0.19104806075144912, 'classifier:adaboost:max_depth': 9, 'classifier:adaboost:n_estimators': 451, 'preprocessor:fast_ica:algorithm': 'deflation', 'preprocessor:fast_ica:fun': 'logcosh', 'preprocessor:fast_ica:whiten': 'False', 'categorical_encoding:one_hot_encoding:minimum_fraction': 0.09855812972004879},
dataset_properties={
  'task': 1,
  'sparse': False,
  'multilabel': False,
  'multiclass': False,
  'target_type': 'classification',
  'signed': False}))]",0.9996409042683424,0.0,0.9996413493088688,0.0,0.9996409042683424,0.0,0.9996409967079364,0.0
phpkIxskf,14397.481392621994,0.905511811023622,0.8941698108703381,0.905511811023622,0.8960672164071818,"[(1.0, SimpleClassificationPipeline({'balancing:strategy': 'none', 'categorical_encoding:__choice__': 'no_encoding', 'classifier:__choice__': 'gradient_boosting', 'imputation:strategy': 'median', 'preprocessor:__choice__': 'select_rates', 'rescaling:__choice__': 'minmax', 'classifier:gradient_boosting:criterion': 'friedman_mse', 'classifier:gradient_boosting:learning_rate': 0.06986273913820863, 'classifier:gradient_boosting:loss': 'deviance', 'classifier:gradient_boosting:max_depth': 4, 'classifier:gradient_boosting:max_features': 0.8329813953713366, 'classifier:gradient_boosting:max_leaf_nodes': 'None', 'classifier:gradient_boosting:min_impurity_decrease': 0.0, 'classifier:gradient_boosting:min_samples_leaf': 2, 'classifier:gradient_boosting:min_samples_split': 16, 'classifier:gradient_boosting:min_weight_fraction_leaf': 0.0, 'classifier:gradient_boosting:n_estimators': 181, 'classifier:gradient_boosting:subsample': 0.5637178056788844, 'preprocessor:select_rates:alpha': 0.32701214065136386, 'preprocessor:select_rates:mode': 'fdr', 'preprocessor:select_rates:score_func': 'chi2'},
dataset_properties={
  'task': 1,
  'sparse': False,
  'multilabel': False,
  'multiclass': False,
  'target_type': 'classification',
  'signed': False}))]",0.905511811023622,0.0,0.8941698108703381,0.0,0.905511811023622,0.0,0.8960672164071818,0.0
phpmcGu2X,14395.901205778122,0.9481481481481482,0.9489085297418629,0.9481481481481482,0.9466736839996012,"[(1.0, SimpleClassificationPipeline({'balancing:strategy': 'weighting', 'categorical_encoding:__choice__': 'no_encoding', 'classifier:__choice__': 'passive_aggressive', 'imputation:strategy': 'mean', 'preprocessor:__choice__': 'polynomial', 'rescaling:__choice__': 'minmax', 'classifier:passive_aggressive:C': 0.0038492567263540877, 'classifier:passive_aggressive:average': 'True', 'classifier:passive_aggressive:fit_intercept': 'True', 'classifier:passive_aggressive:loss': 'squared_hinge', 'classifier:passive_aggressive:tol': 0.00017453431830779357, 'preprocessor:polynomial:degree': 2, 'preprocessor:polynomial:include_bias': 'True', 'preprocessor:polynomial:interaction_only': 'False'},
dataset_properties={
  'task': 2,
  'sparse': False,
  'multilabel': False,
  'multiclass': True,
  'target_type': 'classification',
  'signed': False}))]",0.9481481481481482,0.0,0.9489085297418629,0.0,0.9481481481481482,0.0,0.9466736839996012,0.0
phpoW7Dbi,14396.324300050735,0.9966996699669968,0.9967215264572814,0.9966996699669968,0.9966997418656958,"[(1.0, SimpleClassificationPipeline({'balancing:strategy': 'none', 'categorical_encoding:__choice__': 'one_hot_encoding', 'classifier:__choice__': 'extra_trees', 'imputation:strategy': 'mean', 'preprocessor:__choice__': 'polynomial', 'rescaling:__choice__': 'normalize', 'categorical_encoding:one_hot_encoding:use_minimum_fraction': 'True', 'classifier:extra_trees:bootstrap': 'False', 'classifier:extra_trees:criterion': 'entropy', 'classifier:extra_trees:max_depth': 'None', 'classifier:extra_trees:max_features': 0.9800051895165303, 'classifier:extra_trees:max_leaf_nodes': 'None', 'classifier:extra_trees:min_impurity_decrease': 0.0, 'classifier:extra_trees:min_samples_leaf': 16, 'classifier:extra_trees:min_samples_split': 19, 'classifier:extra_trees:min_weight_fraction_leaf': 0.0, 'classifier:extra_trees:n_estimators': 100, 'preprocessor:polynomial:degree': 2, 'preprocessor:polynomial:include_bias': 'False', 'preprocessor:polynomial:interaction_only': 'False', 'categorical_encoding:one_hot_encoding:minimum_fraction': 0.010000000000000004},
dataset_properties={
  'task': 1,
  'sparse': False,
  'multilabel': False,
  'multiclass': False,
  'target_type': 'classification',
  'signed': False}))]",0.9966996699669968,0.0,0.9967215264572814,0.0,0.9966996699669968,0.0,0.9966997418656958,0.0
phpxijhaP,14396.444457292557,0.9778378378378378,0.9779312364415635,0.9778378378378378,0.9778362382376892,"[(1.0, SimpleClassificationPipeline({'balancing:strategy': 'none', 'categorical_encoding:__choice__': 'one_hot_encoding', 'classifier:__choice__': 'lda', 'imputation:strategy': 'median', 'preprocessor:__choice__': 'nystroem_sampler', 'rescaling:__choice__': 'standardize', 'categorical_encoding:one_hot_encoding:use_minimum_fraction': 'True', 'classifier:lda:n_components': 237, 'classifier:lda:shrinkage': 'auto', 'classifier:lda:tol': 0.049451368863781674, 'preprocessor:nystroem_sampler:kernel': 'sigmoid', 'preprocessor:nystroem_sampler:n_components': 468, 'categorical_encoding:one_hot_encoding:minimum_fraction': 0.12384227994074914, 'preprocessor:nystroem_sampler:coef0': 0.13134145322823088, 'preprocessor:nystroem_sampler:gamma': 0.38747390796087017},
dataset_properties={
  'task': 1,
  'sparse': False,
  'multilabel': False,
  'multiclass': False,
  'target_type': 'classification',
  'signed': False}))]",0.9778378378378378,0.0,0.9779312364415635,0.0,0.9778378378378378,0.0,0.9778362382376892,0.0
shuttle,14400.336699008943,0.9996551724137932,0.999670989170436,0.9996551724137932,0.9996588709944564,"[(1.0, SimpleClassificationPipeline({'balancing:strategy': 'weighting', 'categorical_encoding:__choice__': 'one_hot_encoding', 'classifier:__choice__': 'gradient_boosting', 'imputation:strategy': 'median', 'preprocessor:__choice__': 'polynomial', 'rescaling:__choice__': 'minmax', 'categorical_encoding:one_hot_encoding:use_minimum_fraction': 'True', 'classifier:gradient_boosting:criterion': 'mse', 'classifier:gradient_boosting:learning_rate': 0.06047253059114035, 'classifier:gradient_boosting:loss': 'deviance', 'classifier:gradient_boosting:max_depth': 3, 'classifier:gradient_boosting:max_features': 0.6188219270255056, 'classifier:gradient_boosting:max_leaf_nodes': 'None', 'classifier:gradient_boosting:min_impurity_decrease': 0.0, 'classifier:gradient_boosting:min_samples_leaf': 5, 'classifier:gradient_boosting:min_samples_split': 4, 'classifier:gradient_boosting:min_weight_fraction_leaf': 0.0, 'classifier:gradient_boosting:n_estimators': 422, 'classifier:gradient_boosting:subsample': 0.19619699498315582, 'preprocessor:polynomial:degree': 2, 'preprocessor:polynomial:include_bias': 'False', 'preprocessor:polynomial:interaction_only': 'True', 'categorical_encoding:one_hot_encoding:minimum_fraction': 0.006204557583667618},
dataset_properties={
  'task': 2,
  'sparse': False,
  'multilabel': False,
  'multiclass': True,
  'target_type': 'classification',
  'signed': False}))]",0.9996551724137932,0.0,0.999670989170436,0.0,0.9996551724137932,0.0,0.9996588709944564,0.0
synthetic_control,14398.6838452816,0.9866666666666668,0.9866666666666668,0.9866666666666668,0.9866666666666668,"[(1.0, SimpleClassificationPipeline({'balancing:strategy': 'weighting', 'categorical_encoding:__choice__': 'no_encoding', 'classifier:__choice__': 'gradient_boosting', 'imputation:strategy': 'most_frequent', 'preprocessor:__choice__': 'feature_agglomeration', 'rescaling:__choice__': 'standardize', 'classifier:gradient_boosting:criterion': 'mae', 'classifier:gradient_boosting:learning_rate': 0.25254010608704924, 'classifier:gradient_boosting:loss': 'deviance', 'classifier:gradient_boosting:max_depth': 4, 'classifier:gradient_boosting:max_features': 0.10208762293569838, 'classifier:gradient_boosting:max_leaf_nodes': 'None', 'classifier:gradient_boosting:min_impurity_decrease': 0.0, 'classifier:gradient_boosting:min_samples_leaf': 14, 'classifier:gradient_boosting:min_samples_split': 16, 'classifier:gradient_boosting:min_weight_fraction_leaf': 0.0, 'classifier:gradient_boosting:n_estimators': 424, 'classifier:gradient_boosting:subsample': 0.5659627728489753, 'preprocessor:feature_agglomeration:affinity': 'euclidean', 'preprocessor:feature_agglomeration:linkage': 'ward', 'preprocessor:feature_agglomeration:n_clusters': 25, 'preprocessor:feature_agglomeration:pooling_func': 'mean'},
dataset_properties={
  'task': 2,
  'sparse': False,
  'multilabel': False,
  'multiclass': True,
  'target_type': 'classification',
  'signed': False}))]",0.9866666666666668,0.0,0.9866666666666668,0.0,0.9866666666666668,0.0,0.9866666666666668,0.0
umistfacescropped,14397.961896896362,0.9861111111111112,0.9895833333333331,0.9861111111111112,0.9866013071895424,"[(1.0, SimpleClassificationPipeline({'balancing:strategy': 'none', 'categorical_encoding:__choice__': 'one_hot_encoding', 'classifier:__choice__': 'extra_trees', 'imputation:strategy': 'mean', 'preprocessor:__choice__': 'no_preprocessing', 'rescaling:__choice__': 'standardize', 'categorical_encoding:one_hot_encoding:use_minimum_fraction': 'True', 'classifier:extra_trees:bootstrap': 'False', 'classifier:extra_trees:criterion': 'gini', 'classifier:extra_trees:max_depth': 'None', 'classifier:extra_trees:max_features': 0.5516124930766448, 'classifier:extra_trees:max_leaf_nodes': 'None', 'classifier:extra_trees:min_impurity_decrease': 0.0, 'classifier:extra_trees:min_samples_leaf': 1, 'classifier:extra_trees:min_samples_split': 4, 'classifier:extra_trees:min_weight_fraction_leaf': 0.0, 'classifier:extra_trees:n_estimators': 100, 'categorical_encoding:one_hot_encoding:minimum_fraction': 0.010000000000000004},
dataset_properties={
  'task': 2,
  'sparse': False,
  'multilabel': False,
  'multiclass': True,
  'target_type': 'classification',
  'signed': False}))]",0.9861111111111112,0.0,0.9895833333333331,0.0,0.9861111111111112,0.0,0.9866013071895424,0.0
